﻿<GroupBox Size="100,100" Name="GBOPVcorp" cols="xs12 sm6 md4"><Ctrls>
<Button Weight="50" Size="50,20" Name="deletecorp" Text="delete" ToolTip="ttp_deletecorp">
<OnClick>
	<DbDetails fcsm="1">
<DbTable>corp</DbTable>
<Where>corp_id='%{corpLst[corp_id]}'</Where>
<queryFormat>delete from %{table} where %{where}</queryFormat></DbDetails>
<submit namelist="DbDetails"/><submit function="click" next="searchcorp"/>
	</OnClick>
</Button><TAB/>
<Button Weight="50" Size="50,20" Name="searchcorp" Text="refresh" ToolTip="ttp_refreshcorp">
<OnClick><submit next="corpLst"/>	</OnClick>
</Button>
<TAB/><TAB/><Button OnClick="(corpLst)GetPage(First)" Size="50,20" Name="FPcorpLst" Text="firstpage"/>
<TAB/><Button Weight="50" OnClick="(corpLst)GetPage(Pre)" Size="50,20" Name="PREcorpLst" Text="prepage"/>
<TAB/><Button Weight="50" OnClick="(corpLst)GetPage(Next)" Size="50,20" Name="NPcorpLst" Text="nextpage"/>
</Ctrls></GroupBox>