﻿<GroupBox Name="GBDVcorp" cols="xs12 sm12 md12 lg12"><Ctrls>
<ListCtrl Name="corp_vLst" ToolTip="ttp_corp_v" Size="700,450" OnLoad="init" Heading="corp_name,250;vender_no,250;corp_id,20;" loadedclick="0">
	<DbDetails >
<Index>corp_id</Index>
<DbTable>corp c</DbTable>
<Data>c.corp_name,c.vender_no,c.corp_id</Data>
<Order>corp_id</Order></DbDetails>
<operator refresh="1" initial="0" firstpage="0" prepage="0" nextpage="0">
<op text="modify"><DbDetails><Where>corp_id='%{corp_vLst[corp_id]}'</Where></DbDetails><submit namelist="DbDetails" next="$this.corp.corpLst"/><assign name="$this.corp.frmwndctrl" expr="%{this}"/></op>
<op text="delete" needconfirm="1"><DbDetails>
<DbTable>corp</DbTable>
<Where>corp_id='%{corp_vLst[corp_id]}'</Where>
<queryFormat>delete from %{table} where %{where}</queryFormat></DbDetails>
<submit namelist="DbDetails"/><submit/></op>
</operator>
<OnChanged>
<assign name="pgcur_corp" expr="js(%{corp_vLst[currentpage]}+1)"/>
<assign name="pgscb_corp" expr="js(%{corp_vLst[currentpage]}+1)" function="SetSel"/>
</OnChanged></ListCtrl>
</Ctrls></GroupBox>