﻿<WndTap Name="corp_v" Text="corp_v">
<WndTaps>
<xi:include xmlns:xi="http://www.w3.org/2001/XInclude" href="corp_Ve.xml" popup="1"/>
</WndTaps>
<var name="searchtmpl"><corp_name format="(c.corp_name like '%%{opvalue}%')"/><vender_no format="(c.vender_no like '%%{opvalue}%')"/><corp_id format="(c.corp_id like '%%{opvalue}%')"/></var>
<xi:include xmlns:xi="http://www.w3.org/2001/XInclude" href="lan\corp.xml"/>
<Ctrls><GroupBox  Name="GBcorp" id="corp" Text="corp" Size="100,100"><Ctrls>
<xi:include xmlns:xi="http://www.w3.org/2001/XInclude" href="corp_Vs.xml"/>
<BR AutoHeight="1"/><GroupBox  Name="GBOPVcorp" Size="100,20" cols="xs12 sm6 md4"><Ctrls>
<Button Text="addone" ToolTip="ttp_addone" Name="addone" Size="50,20" Weight="50">
	<OnClick>
		<submit next="$this.corp.GBDEDITcorp" function="reset"/>
		<assign name = "$this.corp.frmwndctrl" expr="%{$this.corp_vLst}"/></OnClick>
</Button><TAB/>
<Button Text="reset" ToolTip="ttp_resetcorp" Name="resetcorp" Size="50,20" Weight="50">
	<OnClick>
		<submit next="GBDEDITcorp" function="reset"/></OnClick>
</Button><TAB/>
<Button Text="Search" ToolTip="ttp_gsearchcorp" Name="gsearchcorp" Size="50,20" Weight="50">
	<OnClick>
		<search next="corp_vLst" listed="0" prefixwhere="0" prefixand="0" inputed="1">%{searchtmpl}</search>
		<submit next="GBDEDITcorp" namelist="search" function="search"/>
		<search next="records_corp" listed="0" prefixwhere="1" prefixand="0" inputed="1">%{searchtmpl}</search>
		<submit next="GBDEDITcorp" namelist="search" function="search"/>
	</OnClick>
</Button><TAB/></Ctrls></GroupBox>
<xi:include xmlns:xi="http://www.w3.org/2001/XInclude" href="corp_Vpg.xml"/>
<xi:include xmlns:xi="http://www.w3.org/2001/XInclude" href="corp_Vpgop.xml"/>
<BR AutoHeight="1"/><xi:include xmlns:xi="http://www.w3.org/2001/XInclude" href="corp_Vv.xml"/>
</Ctrls></GroupBox>
</Ctrls></WndTap>
