﻿<GroupBox cols="xs12 sm6 md4" Multiline="0" Name="GBPGmat_po"><Ctrls>
<Label Align="Right" Text="Records" Name="lb_Records" Size="60,20"/>
<TextBox Weight="40" ToolTip="ttp_records" Name="records_mat_po" Size="40,20" OnLoad="init" readonly="1">
<DbDetails fcsm="1">
<Index>mat_poid</Index>
<DbTable>mat_po m left join material m0 on m.mat_id=m0.mat_id</DbTable>
<Data>count(*) records</Data>
<Order>mat_poid</Order><Queryformat>select %{data} from (select m.mat_poid from %{dbtable} %{where} GROUP BY m.mat_poid  ORDER BY m.mat_poid) t</Queryformat></DbDetails>
<OnEnchange>
<assign name="pgs_mat_po" expr="js(Math.ceil(%{records_mat_po}/%{mat_po_vLst[countsperpage]}))"/>
<assign name="pgscb_mat_po" expr="js('1~'+Math.ceil(%{records_mat_po}/%{mat_po_vLst[countsperpage]}))" function="setitems"/>
</OnEnchange>
</TextBox>
<!--ComboBox Weight="60" ToolTip="ttp_pgs" Name="pgscb_mat_po" Size="60,20"><OnSelEndOK><submit next="mat_po_vLst" function="GetPage(%{pgscb_mat_po}-1)"/></OnSelEndOK></ComboBox-->
<TextBox Weight="30" ToolTip="ttp_pgs" Name="pgs_mat_po" Size="30,20" readonly="1"/>
<TextBox Weight="30" ToolTip="ttp_pgcur" Name="pgcur_mat_po" Size="30,20"/>
<Button Text="go2Page" Name="go2pagemat_po_vLst" Size="50,20"><OnClick><submit next="mat_po_vLst" function="GetPage(%{pgcur_mat_po}-1)"/></OnClick></Button>
</Ctrls></GroupBox>
