﻿<WndTap Name="mat_po_v" Text="mat_po_v">
<WndTaps>
<xi:include xmlns:xi="http://www.w3.org/2001/XInclude" href="mat_po_Ve.xml" popup="1"/>
<xi:include xmlns:xi="http://www.w3.org/2001/XInclude" href="so_inv_print_v.xml" popup="1"/>
<xi:include xmlns:xi="http://www.w3.org/2001/XInclude" href="barcode_print_v.xml" popup="1"/>
</WndTaps>
<var name="searchtmpl"><mat_no format="m.mat_no='%{opvalue}'"/><wip_no format="(m.wip_no like '%%{opvalue}%')"/><num_po format="(m.num_po like '%%{opvalue}%')"/><dt format="(m.dt between '%{dt[datetime]}' and '%{dt[datetime2]}')"/><mat_poid format="(m.mat_poid like '%%{opvalue}%')"/></var>
<xi:include xmlns:xi="http://www.w3.org/2001/XInclude" href="lan\mat_po.xml"/>
<Ctrls><GroupBox  Name="GBmat_po" id="mat_po" Text="mat_po" Size="100,100"><Ctrls>
<xi:include xmlns:xi="http://www.w3.org/2001/XInclude" href="mat_po_Vs.xml"/>
<GroupBox Name="GB_serial_no_init" Multiline="0" cols="xs12 sm6 md4"><Ctrls>
<Label Align="Right" Text="自然序列" Name="lb_serial_no_init" readonly="true" Size="120,50"/><TextBox Text="00001" ToolTip="" Name="serial_no_init" weight="60" Size="60,20" Visible="1"/></Ctrls></GroupBox>
<BR AutoHeight="1"/><GroupBox  Name="GBOPVmat_po" Size="100,20" cols="xs12 sm6 md4"><Ctrls>
<Button Text="addone" ToolTip="ttp_addone" Name="addone" Size="50,20" Weight="50">
	<OnClick>
		<submit next="$this.mat_po.GBDEDITmat_po" function="reset"/>
		<assign name = "$this.mat_po.frmwndctrl" expr="%{$this.mat_po_vLst}"/></OnClick>
</Button><TAB/>
<Button Text="barcode" ToolTip="ttp_barcode" Name="barcode" Size="50,20" Weight="50">
	<OnClick><submit next="$this.barcode_print.GBDEDITbarcode" function="reset"/><assign name="$this.barcode_print.mat_barcode" expr="MSIF210020B01"/>
</OnClick>
</Button><TAB/>
<Button Text="reset" ToolTip="ttp_resetmat_po" Name="resetmat_po" Size="50,20" Weight="50">
	<OnClick>
		<submit next="GBDEDITmat_po" function="reset"/></OnClick>
</Button><TAB/>
<Button Text="Search" ToolTip="ttp_gsearchmat_po" Name="gsearchmat_po" Size="50,20" Weight="50">
	<OnClick>
		<search next="mat_po_vLst" listed="0" prefixwhere="0" prefixand="0" inputed="1">%{searchtmpl}</search>
		<submit next="GBDEDITmat_po" namelist="search" function="search"/>
		<search next="records_mat_po" listed="0" prefixwhere="1" prefixand="0" inputed="1">%{searchtmpl}</search>
		<submit next="GBDEDITmat_po" namelist="search" function="search"/>
	</OnClick>
</Button><TAB/></Ctrls></GroupBox>
<xi:include xmlns:xi="http://www.w3.org/2001/XInclude" href="mat_po_Vpg.xml"/>
<xi:include xmlns:xi="http://www.w3.org/2001/XInclude" href="mat_po_Vpgop.xml"/>
<BR AutoHeight="1"/><xi:include xmlns:xi="http://www.w3.org/2001/XInclude" href="mat_po_Vv.xml"/>
</Ctrls></GroupBox>
</Ctrls></WndTap>
