﻿<WndTap Name="material" Text="material" Ver="2">
<var name="refreshAfterEdit" expr="2"/>
<var name="dataRequired" expr="mat_no,mat_name,num_per_cab,corp_id[corp_id]"/>
<var name="dataRequireless" expr=""/>
<xi:include href="lan\material.xml" xmlns:xi="http://www.w3.org/2001/XInclude"/>
<Ctrls>
<GroupBox  Name="GBmaterial" id="material" Text="material" Size="100,100"><Ctrls>
<xi:include xmlns:xi="http://www.w3.org/2001/XInclude" href="material_GBDEDIT.xml"/>
<BR AutoHeight="1"/><xi:include xmlns:xi="http://www.w3.org/2001/XInclude" href="material_GBOPE.xml"/>
<xi:include xmlns:xi="http://www.w3.org/2001/XInclude" href="material_Vh.xml"/></Ctrls></GroupBox></Ctrls>
	<OnChanged></OnChanged>
	<OnActivate><SetVisible name="insertmaterial" Visible="1"/><SetVisible name="modifymaterial" Visible="0"/></OnActivate>
</WndTap>
