﻿<GroupBox cols="xs12 sm6 md4" Name="GBOPVmaterial"><Ctrls>
<TAB/><Button Text="initial" ToolTip="ttp_initial" Name="initialmaterial" Size="50,20">
<OnClick><submit next="material_vLst" function="initial"/><submit next="records_material" function="initial"/></OnClick></Button>
<TAB/><Button Text="firstpage" Name="FPmaterial_vLst" Size="50,20">
<OnClick><submit next="material_vLst" function="GetPage(first)"/><submit next="records_material"/></OnClick></Button>
<Button Text="prepage" Name="PREmaterial_vLst" Size="50,20">
<OnClick><submit next="material_vLst" function="GetPage(Pre)"/></OnClick></Button>
<Button Text="nextpage" Name="NPmaterial_vLst" Size="50,20">
<OnClick><submit next="material_vLst" function="GetPage(Next)"/></OnClick></Button>
</Ctrls></GroupBox>
