﻿<?xml version="1.0" encoding="UTF-8"?><WndTap Name="material" Text="material" Ver="2">
<var expr="1" name="refreshAfterEdit"/>
<var expr="mat_no,mat_name,num_per_cab,corp_id[corp_id]" name="dataRequired"/>
<var expr="" name="dataRequireless"/>
<xi:include xmlns:xi="http://www.w3.org/2001/XInclude" href="lan\material.xml"/>
<Ctrls>
<GroupBox id="material" Size="100,100" Name="GBmaterial" Text="material"><Ctrls>
<xi:include xmlns:xi="http://www.w3.org/2001/XInclude" href="material_GBDEDIT.xml"></xi:include><BR AutoHeight="1"/><xi:include xmlns:xi="http://www.w3.org/2001/XInclude" href="material_GBOPE.xml"></xi:include>
<TAB/><xi:include xmlns:xi="http://www.w3.org/2001/XInclude" href="material_GBOPV.xml"></xi:include>
<BR/><xi:include xmlns:xi="http://www.w3.org/2001/XInclude" href="material_GBDV.xml"></xi:include></Ctrls></GroupBox>
</Ctrls>
	<OnChanged/>
	<OnActivate/>
	</WndTap>