﻿<GroupBox cols="xs12 sm6 md4" Multiline="0" Name="GBPGmaterial"><Ctrls>
<Label Align="Right" Text="Records" Name="lb_Records" Size="60,20"/>
<TextBox Weight="40" ToolTip="ttp_records" Name="records_material" Size="40,20" OnLoad="init" readonly="1">
<DbDetails fcsm="1">
<Index>mat_id</Index>
<DbTable>material m left join corp c on m.corp_id=c.corp_id</DbTable>
<Data>count(*) records</Data>
<Order>mat_id</Order><Queryformat>select %{data} from (select m.mat_id from %{dbtable} %{where} GROUP BY m.mat_id  ORDER BY m.mat_id) t</Queryformat></DbDetails>
<OnEnchange>
<assign name="pgs_material" expr="js(Math.ceil(%{records_material}/%{material_vLst[countsperpage]}))"/>
<assign name="pgscb_material" expr="js('1~'+Math.ceil(%{records_material}/%{material_vLst[countsperpage]}))" function="setitems"/>
</OnEnchange>
</TextBox>
<!--ComboBox Weight="60" ToolTip="ttp_pgs" Name="pgscb_material" Size="60,20"><OnSelEndOK><submit next="material_vLst" function="GetPage(%{pgscb_material}-1)"/></OnSelEndOK></ComboBox-->
<TextBox Weight="30" ToolTip="ttp_pgs" Name="pgs_material" Size="30,20" readonly="1"/>
<TextBox Weight="30" ToolTip="ttp_pgcur" Name="pgcur_material" Size="30,20"/>
<Button Text="go2Page" Name="go2pagematerial_vLst" Size="50,20"><OnClick><submit next="material_vLst" function="GetPage(%{pgcur_material}-1)"/></OnClick></Button>
</Ctrls></GroupBox>
