<Language name="general">
<Lang name="print" value="列印"/>
<Lang name="tag_print" value="标签列印"/>
<Lang name="so_inv_print" value="标签列印管理"/>
<Lang name="barcode" value="条码"/>
<Lang name="basic" value="基本"/>
<Lang name="import" value="导入"/>
<Lang name="export" value="导出"/>
<Lang name="operation" value="操作"/>
<Lang name="create" value="新增"/>
<Lang name="modify" value="修改"/>
<Lang name="reset" value="复位"/>
<Lang name="delete" value="删除"/>
<Lang name="refresh" value="刷新"/>
<Lang name="firstpage" value="首页"/>
<Lang name="prepage" value="上页"/>
<Lang name="nextpage" value="下页"/>
<Lang name="operator" value="操作"/>
<Lang name="gsearch" value="搜索"/>
<Lang name="search" value="搜索"/>
<Lang name="initial" value="初始"/>
<Lang name="addone" value="添加"/>
<Lang name="records" value="记录数"/>
<Lang name="ttp_records" value="记录数"/>
<Lang name="ttp_pgs" value="总页数"/>
<Lang name="ttp_pgcur" value="当前页"/>
<Lang name="go2page" value="跳转"/>
<Lang name="view" value="查看"/>
<Lang name="submit" value="提交"/>
<Lang name="approval_diagram" value="审批流图"/>
<Lang name="ttp_addone" value="打开新建页面添加新项目"/>
<Lang name="modify" value="修改"/>
<Lang name="save" value="保存"/>
<Lang name="icon_addone" 	value="fas fa-plus"/>
<Lang name="icon_reset" value="fas fa-eraser"/>
<Lang name="icon_search" value="fas fa-search"/>
<Lang name="icon_create" value="fas fa-save"/>lni-add-files fa-file-medical  
<Lang name="icon_modify" value="fas fa-edit"/>fa
<Lang name="icon_go2Page" value="fas fa-directions"/>
<Lang name="icon_initial" value="fab fa-first-order"/>
<Lang name="icon_firstpage" value="fas fa-step-backward"/>
<Lang name="icon_prepage" value="fas fa-angle-double-left"/>
<Lang name="icon_nextpage" value="fas fa-angle-double-right"/>
<Lang name="icon_endpage" value="fas fa-step-forward"/>
<Lang name="icon_delete" value="fas fa-times"/>
<Lang name="icon_print" value="fas fa-print"/>
<Lang name="icon_barcode" value="fas fa-barcode"/>
</Language>
