﻿<Language name="mat_po">
<Lang name="mat_po" value="进料"/>
<Lang name="mat_po_v" value="进料管理"/>
<Lang name="TabEditmat_po" value="mat_po Edit"/>
<Lang name="TabViewmat_po" value="mat_po View"/>
<Lang name="mat_id" value="料件"/>
<Lang name="ttp_mat_id" value=""/>
<Lang name="wip_no" value="工单号"/>
<Lang name="ttp_wip_no" value=""/>
<Lang name="num_po" value="工单进料总数"/>
<Lang name="ttp_num_po" value=""/>
<Lang name="dt" value="日期"/>
<Lang name="ttp_dt" value=""/>
<Lang name="mat_poid" value=""/>
<Lang name="ttp_mat_poid" value=""/>
<Lang name="ttp_operationmat_po" value=""/>
<Lang name="ttp_createmat_po" value="可以保存后再在列表中选中右键菜单列印"/>
<Lang name="ttp_modifymat_po" value=""/>
<Lang name="ttp_resetmat_po" value=""/>
<Lang name="ttp_deletemat_po" value=""/>
<Lang name="ttp_refreshmat_po" value=""/>
<Lang name="ttp_Printmat_po" value="可以输入数据直接列印而不保存数据，亦可以保存后再列印"/>
<Lang name="operation" value=""/>
<Lang name="create" value="保存"/>
<Lang name="modify" value=""/>
<Lang name="reset" value=""/>
<Lang name="delete" value=""/>
<Lang name="refresh" value=""/>
<Lang name="firstpage" value=""/>
<Lang name="prepage" value=""/>
<Lang name="nextpage" value=""/>
</Language>
